test_mode,concurrency,client_id,start_time,end_time,duration_sec
cold,50,1,10:58:17.548,10:58:36.007,18.459
cold,50,50,10:58:17.548,10:58:35.991,18.443
cold,50,2,10:58:17.549,10:58:35.992,18.444
cold,50,3,10:58:17.549,10:58:35.983,18.434
cold,50,4,10:58:17.550,10:58:35.986,18.436
cold,50,5,10:58:17.550,10:58:35.986,18.436
cold,50,6,10:58:17.551,10:58:35.986,18.435
cold,50,7,10:58:17.551,10:58:36.023,18.472
cold,50,8,10:58:17.551,10:58:35.986,18.434
cold,50,9,10:58:17.552,10:58:35.994,18.442
cold,50,10,10:58:17.552,10:58:35.991,18.438
cold,50,11,10:58:17.553,10:58:35.985,18.432
cold,50,12,10:58:17.553,10:58:35.988,18.434
cold,50,13,10:58:17.554,10:58:36.004,18.450
cold,50,14,10:58:17.554,10:58:35.983,18.429
cold,50,15,10:58:17.555,10:58:35.993,18.438
cold,50,16,10:58:17.555,10:58:36.002,18.447
cold,50,17,10:58:17.555,10:58:35.986,18.431
cold,50,18,10:58:17.556,10:58:35.986,18.431
cold,50,19,10:58:17.556,10:58:36.002,18.446
cold,50,20,10:58:17.556,10:58:35.999,18.443
cold,50,21,10:58:17.557,10:58:35.998,18.442
cold,50,22,10:58:17.557,10:58:35.998,18.441
cold,50,23,10:58:17.557,10:58:35.994,18.437
cold,50,24,10:58:17.558,10:58:35.996,18.438
cold,50,25,10:58:17.558,10:58:35.994,18.436
cold,50,26,10:58:17.558,10:58:35.989,18.430
cold,50,27,10:58:17.559,10:58:35.991,18.432
cold,50,28,10:58:17.559,10:58:35.997,18.438
cold,50,29,10:58:17.559,10:58:35.988,18.429
cold,50,30,10:58:17.560,10:58:35.999,18.440
cold,50,31,10:58:17.560,10:58:35.993,18.433
cold,50,32,10:58:17.560,10:58:35.985,18.425
cold,50,33,10:58:17.561,10:58:35.986,18.425
cold,50,34,10:58:17.561,10:58:35.999,18.439
cold,50,35,10:58:17.561,10:58:35.983,18.422
cold,50,36,10:58:17.562,10:58:35.996,18.434
cold,50,37,10:58:17.562,10:58:35.985,18.423
cold,50,38,10:58:17.562,10:58:36.003,18.441
cold,50,39,10:58:17.563,10:58:36.023,18.461
cold,50,40,10:58:17.563,10:58:36.001,18.438
cold,50,41,10:58:17.563,10:58:35.989,18.426
cold,50,42,10:58:17.564,10:58:35.983,18.420
cold,50,43,10:58:17.564,10:58:35.998,18.434
cold,50,44,10:58:17.564,10:58:36.002,18.437
cold,50,45,10:58:17.565,10:58:35.997,18.433
cold,50,46,10:58:17.565,10:58:36.002,18.437
cold,50,47,10:58:17.565,10:58:35.996,18.431
cold,50,48,10:58:17.566,10:58:35.992,18.427
cold,50,49,10:58:17.566,10:58:36.002,18.436
warm,50,50,10:58:39.031,10:58:50.754,11.723
warm,50,1,10:58:39.032,10:58:50.787,11.755
warm,50,2,10:58:39.032,10:58:50.751,11.719
warm,50,3,10:58:39.032,10:58:50.751,11.719
warm,50,4,10:58:39.033,10:58:50.770,11.738
warm,50,5,10:58:39.033,10:58:50.751,11.718
warm,50,6,10:58:39.033,10:58:50.766,11.733
warm,50,7,10:58:39.034,10:58:50.752,11.718
warm,50,8,10:58:39.034,10:58:50.764,11.730
warm,50,9,10:58:39.035,10:58:50.752,11.717
warm,50,10,10:58:39.035,10:58:50.778,11.744
warm,50,11,10:58:39.035,10:58:50.772,11.737
warm,50,12,10:58:39.035,10:58:50.760,11.724
warm,50,13,10:58:39.036,10:58:50.757,11.722
warm,50,14,10:58:39.036,10:58:50.762,11.726
warm,50,15,10:58:39.036,10:58:50.762,11.726
warm,50,16,10:58:39.037,10:58:50.771,11.734
warm,50,17,10:58:39.037,10:58:50.759,11.722
warm,50,18,10:58:39.037,10:58:50.774,11.736
warm,50,19,10:58:39.038,10:58:50.766,11.729
warm,50,20,10:58:39.038,10:58:50.762,11.724
warm,50,21,10:58:39.038,10:58:50.774,11.736
warm,50,22,10:58:39.039,10:58:50.778,11.739
warm,50,23,10:58:39.039,10:58:50.754,11.716
warm,50,24,10:58:39.039,10:58:50.776,11.737
warm,50,25,10:58:39.040,10:58:50.774,11.734
warm,50,26,10:58:39.040,10:58:50.776,11.736
warm,50,27,10:58:39.040,10:58:50.782,11.742
warm,50,28,10:58:39.041,10:58:50.779,11.738
warm,50,29,10:58:39.041,10:58:50.779,11.738
warm,50,30,10:58:39.041,10:58:50.779,11.737
warm,50,31,10:58:39.041,10:58:50.779,11.738
warm,50,32,10:58:39.042,10:58:50.781,11.739
warm,50,33,10:58:39.042,10:58:50.788,11.746
warm,50,34,10:58:39.043,10:58:50.784,11.741
warm,50,35,10:58:39.043,10:58:50.783,11.740
warm,50,36,10:58:39.043,10:58:50.784,11.741
warm,50,37,10:58:39.043,10:58:50.783,11.739
warm,50,38,10:58:39.044,10:58:50.781,11.737
warm,50,39,10:58:39.044,10:58:50.787,11.743
warm,50,40,10:58:39.044,10:58:50.784,11.739
warm,50,41,10:58:39.045,10:58:50.785,11.740
warm,50,42,10:58:39.045,10:58:50.783,11.738
warm,50,43,10:58:39.045,10:58:50.786,11.741
warm,50,44,10:58:39.046,10:58:50.785,11.739
warm,50,45,10:58:39.046,10:58:50.783,11.737
warm,50,46,10:58:39.046,10:58:50.786,11.740
warm,50,47,10:58:39.047,10:58:50.786,11.740
warm,50,48,10:58:39.047,10:58:50.787,11.740
warm,50,49,10:58:39.047,10:58:50.786,11.739
cold,200,200,11:02:52.072,11:04:56.903,124.831
cold,200,1,11:02:52.073,11:04:56.328,124.255
cold,200,2,11:02:52.073,11:05:01.265,129.192
cold,200,3,11:02:52.075,11:04:57.480,125.406
cold,200,4,11:02:52.075,11:05:01.268,129.193
cold,200,5,11:02:52.075,11:04:57.386,125.311
cold,200,6,11:02:52.076,11:04:56.390,124.314
cold,200,7,11:02:52.076,11:04:56.969,124.893
cold,200,8,11:02:52.076,11:05:01.213,129.137
cold,200,9,11:02:52.077,11:04:54.166,122.089
cold,200,10,11:02:52.077,11:05:01.227,129.150
cold,200,11,11:02:52.077,11:04:57.527,125.450
cold,200,12,11:02:52.078,11:05:01.273,129.195
cold,200,13,11:02:52.078,11:04:56.393,124.315
cold,200,14,11:02:52.079,11:04:56.609,124.530
cold,200,15,11:02:52.079,11:04:57.482,125.403
cold,200,16,11:02:52.079,11:04:57.519,125.440
cold,200,17,11:02:52.080,11:04:57.059,124.979
cold,200,18,11:02:52.080,11:04:56.347,124.267
cold,200,19,11:02:52.080,11:04:56.079,123.999
cold,200,20,11:02:52.081,11:04:57.264,125.184
cold,200,21,11:02:52.081,11:04:57.536,125.455
cold,200,22,11:02:52.081,11:04:54.061,121.979
cold,200,23,11:02:52.082,11:04:57.522,125.440
cold,200,24,11:02:52.082,11:04:57.469,125.387
cold,200,25,11:02:52.083,11:05:01.271,129.188
cold,200,26,11:02:52.083,11:04:56.908,124.825
cold,200,27,11:02:52.083,11:04:57.662,125.579
cold,200,28,11:02:52.084,11:05:01.265,129.181
cold,200,29,11:02:52.084,11:04:57.300,125.216
cold,200,30,11:02:52.084,11:04:57.397,125.313
cold,200,31,11:02:52.085,11:04:54.574,122.489
cold,200,32,11:02:52.085,11:04:57.637,125.552
cold,200,33,11:02:52.085,11:04:57.300,125.214
cold,200,34,11:02:52.086,11:04:56.647,124.562
cold,200,35,11:02:52.086,11:04:56.294,124.208
cold,200,36,11:02:52.087,11:04:56.506,124.419
cold,200,37,11:02:52.087,11:04:54.728,122.641
cold,200,38,11:02:52.087,11:04:56.845,124.757
cold,200,39,11:02:52.088,11:04:57.477,125.390
cold,200,40,11:02:52.088,11:04:57.780,125.692
cold,200,41,11:02:52.089,11:04:55.976,123.887
cold,200,42,11:02:52.089,11:04:57.580,125.491
cold,200,43,11:02:52.089,11:04:57.245,125.156
cold,200,44,11:02:52.090,11:04:57.412,125.322
cold,200,45,11:02:52.090,11:04:56.972,124.881
cold,200,46,11:02:52.091,11:04:55.718,123.627
cold,200,47,11:02:52.091,11:04:57.227,125.137
cold,200,48,11:02:52.091,11:04:57.281,125.190
cold,200,49,11:02:52.091,11:05:01.236,129.144
cold,200,50,11:02:52.092,11:04:57.591,125.499
cold,200,51,11:02:52.092,11:04:57.317,125.224
cold,200,52,11:02:52.092,11:04:57.445,125.352
cold,200,53,11:02:52.093,11:05:01.209,129.116
cold,200,54,11:02:52.093,11:04:55.343,123.250
cold,200,55,11:02:52.093,11:04:57.129,125.035
cold,200,56,11:02:52.094,11:04:54.795,122.701
cold,200,57,11:02:52.094,11:04:57.412,125.317
cold,200,58,11:02:52.094,11:04:56.676,124.582
cold,200,59,11:02:52.095,11:04:57.401,125.306
cold,200,60,11:02:52.095,11:04:56.299,124.204
cold,200,61,11:02:52.095,11:04:56.648,124.552
cold,200,62,11:02:52.096,11:04:53.805,121.709
cold,200,63,11:02:52.096,11:04:57.364,125.268
cold,200,64,11:02:52.096,11:04:57.207,125.111
cold,200,65,11:02:52.097,11:05:01.243,129.147
cold,200,66,11:02:52.097,11:04:55.940,123.843
cold,200,67,11:02:52.097,11:04:57.540,125.443
cold,200,68,11:02:52.098,11:04:55.830,123.732
cold,200,69,11:02:52.098,11:05:01.189,129.091
cold,200,70,11:02:52.098,11:04:56.219,124.120
cold,200,71,11:02:52.099,11:04:55.587,123.489
cold,200,72,11:02:52.099,11:04:56.336,124.237
cold,200,73,11:02:52.099,11:04:54.799,122.700
cold,200,74,11:02:52.099,11:04:57.543,125.444
cold,200,75,11:02:52.100,11:05:01.201,129.102
cold,200,76,11:02:52.100,11:04:57.066,124.966
cold,200,77,11:02:52.100,11:04:56.466,124.365
cold,200,78,11:02:52.101,11:04:54.670,122.569
cold,200,79,11:02:52.101,11:05:01.260,129.159
cold,200,80,11:02:52.101,11:05:01.268,129.167
cold,200,81,11:02:52.101,11:04:57.682,125.581
cold,200,82,11:02:52.102,11:04:56.951,124.849
cold,200,83,11:02:52.102,11:04:56.358,124.256
cold,200,84,11:02:52.102,11:04:55.334,123.232
cold,200,85,11:02:52.102,11:04:56.641,124.539
cold,200,86,11:02:52.102,11:04:57.510,125.408
cold,200,87,11:02:52.103,11:04:56.259,124.156
cold,200,88,11:02:52.103,11:05:01.271,129.169
cold,200,89,11:02:52.103,11:04:56.959,124.856
cold,200,90,11:02:52.103,11:04:55.127,123.024
cold,200,91,11:02:52.103,11:04:56.234,124.131
cold,200,92,11:02:52.103,11:04:57.196,125.092
cold,200,93,11:02:52.104,11:04:56.506,124.402
cold,200,94,11:02:52.104,11:04:55.535,123.431
cold,200,95,11:02:52.104,11:04:52.539,120.435
cold,200,96,11:02:52.104,11:04:56.088,123.984
cold,200,97,11:02:52.104,11:05:01.257,129.153
cold,200,98,11:02:52.104,11:04:57.313,125.209
cold,200,99,11:02:52.105,11:04:57.193,125.089
cold,200,100,11:02:52.105,11:04:54.231,122.127
cold,200,101,11:02:52.106,11:05:01.271,129.165
cold,200,102,11:02:52.106,11:04:55.285,123.179
cold,200,103,11:02:52.106,11:04:57.443,125.337
cold,200,104,11:02:52.106,11:04:57.461,125.355
cold,200,105,11:02:52.106,11:04:57.518,125.412
cold,200,106,11:02:52.107,11:04:57.619,125.512
cold,200,107,11:02:52.107,11:04:54.767,122.660
cold,200,108,11:02:52.107,11:04:56.984,124.877
cold,200,109,11:02:52.107,11:04:54.441,122.334
cold,200,110,11:02:52.107,11:04:56.452,124.345
cold,200,111,11:02:52.108,11:04:55.169,123.062
cold,200,112,11:02:52.108,11:04:57.565,125.457
cold,200,113,11:02:52.108,11:04:56.634,124.526
cold,200,114,11:02:52.108,11:04:57.368,125.260
cold,200,115,11:02:52.108,11:04:56.465,124.357
cold,200,116,11:02:52.108,11:04:57.360,125.252
cold,200,117,11:02:52.109,11:05:01.172,129.064
cold,200,118,11:02:52.109,11:05:01.242,129.133
cold,200,119,11:02:52.109,11:04:57.230,125.121
cold,200,120,11:02:52.109,11:04:56.615,124.506
cold,200,121,11:02:52.109,11:05:01.198,129.089
cold,200,122,11:02:52.109,11:04:55.890,123.780
cold,200,123,11:02:52.110,11:05:01.264,129.154
cold,200,124,11:02:52.110,11:04:56.850,124.740
cold,200,125,11:02:52.110,11:05:01.272,129.162
cold,200,126,11:02:52.110,11:04:56.638,124.528
cold,200,127,11:02:52.110,11:04:57.420,125.310
cold,200,128,11:02:52.110,11:05:01.253,129.143
cold,200,129,11:02:52.111,11:04:54.353,122.243
cold,200,130,11:02:52.111,11:04:56.519,124.409
cold,200,131,11:02:52.111,11:04:53.262,121.151
cold,200,132,11:02:52.111,11:04:57.485,125.374
cold,200,133,11:02:52.111,11:04:56.676,124.565
cold,200,134,11:02:52.111,11:04:56.143,124.031
cold,200,135,11:02:52.112,11:04:56.259,124.147
cold,200,136,11:02:52.112,11:05:01.272,129.160
cold,200,137,11:02:52.112,11:04:57.260,125.148
cold,200,138,11:02:52.112,11:04:56.445,124.333
cold,200,139,11:02:52.112,11:05:01.250,129.138
cold,200,140,11:02:52.112,11:04:57.358,125.246
cold,200,141,11:02:52.113,11:04:57.681,125.568
cold,200,142,11:02:52.113,11:05:01.270,129.158
cold,200,143,11:02:52.113,11:04:55.632,123.519
cold,200,144,11:02:52.113,11:04:56.673,124.560
cold,200,145,11:02:52.113,11:04:56.294,124.181
cold,200,146,11:02:52.113,11:04:56.974,124.861
cold,200,147,11:02:52.114,11:04:55.976,123.862
cold,200,148,11:02:52.114,11:04:55.182,123.068
cold,200,149,11:02:52.114,11:05:01.220,129.106
cold,200,150,11:02:52.114,11:04:56.179,124.065
cold,200,151,11:02:52.114,11:05:01.250,129.136
cold,200,152,11:02:52.114,11:04:56.713,124.599
cold,200,153,11:02:52.114,11:04:56.321,124.207
cold,200,154,11:02:52.115,11:04:56.593,124.479
cold,200,155,11:02:52.115,11:04:57.453,125.338
cold,200,156,11:02:52.115,11:04:57.692,125.577
cold,200,157,11:02:52.115,11:05:01.206,129.091
cold,200,158,11:02:52.115,11:04:57.458,125.343
cold,200,159,11:02:52.115,11:04:57.281,125.166
cold,200,160,11:02:52.115,11:04:57.070,124.955
cold,200,161,11:02:52.116,11:04:57.499,125.384
cold,200,162,11:02:52.116,11:04:56.782,124.667
cold,200,163,11:02:52.116,11:04:56.179,124.063
cold,200,164,11:02:52.116,11:04:55.587,123.471
cold,200,165,11:02:52.116,11:05:01.245,129.129
cold,200,166,11:02:52.116,11:04:55.764,123.648
cold,200,167,11:02:52.116,11:04:56.869,124.753
cold,200,168,11:02:52.117,11:04:56.885,124.769
cold,200,169,11:02:52.117,11:04:55.894,123.777
cold,200,170,11:02:52.117,11:04:56.651,124.534
cold,200,171,11:02:52.117,11:04:56.526,124.409
cold,200,172,11:02:52.117,11:04:56.493,124.376
cold,200,173,11:02:52.117,11:04:56.203,124.086
cold,200,174,11:02:52.117,11:05:01.265,129.148
cold,200,175,11:02:52.118,11:04:57.675,125.557
cold,200,176,11:02:52.118,11:04:55.743,123.625
cold,200,177,11:02:52.118,11:04:56.187,124.069
cold,200,178,11:02:52.118,11:04:57.284,125.166
cold,200,179,11:02:52.118,11:04:57.692,125.574
cold,200,180,11:02:52.118,11:04:56.303,124.184
cold,200,181,11:02:52.118,11:04:54.823,122.704
cold,200,182,11:02:52.119,11:05:01.155,129.036
cold,200,183,11:02:52.119,11:04:55.722,123.603
cold,200,184,11:02:52.119,11:04:56.365,124.246
cold,200,185,11:02:52.119,11:04:57.695,125.576
cold,200,186,11:02:52.119,11:04:57.672,125.553
cold,200,187,11:02:52.119,11:04:55.867,123.748
cold,200,188,11:02:52.119,11:04:57.667,125.548
cold,200,189,11:02:52.120,11:04:57.037,124.918
cold,200,190,11:02:52.120,11:04:57.689,125.569
cold,200,191,11:02:52.120,11:04:56.917,124.797
cold,200,192,11:02:52.120,11:04:54.946,122.826
cold,200,193,11:02:52.120,11:05:01.250,129.130
cold,200,194,11:02:52.121,11:04:56.435,124.314
cold,200,195,11:02:52.121,11:04:55.414,123.293
cold,200,196,11:02:52.121,11:04:55.759,123.638
cold,200,197,11:02:52.121,11:04:57.564,125.443
cold,200,198,11:02:52.121,11:04:57.523,125.401
cold,200,199,11:02:52.122,11:05:01.255,129.133
warm,200,200,11:05:04.293,11:06:15.810,71.518
warm,200,1,11:05:04.294,11:06:15.752,71.458
warm,200,2,11:05:04.294,11:06:16.763,72.469
warm,200,3,11:05:04.294,11:06:15.210,70.916
warm,200,4,11:05:04.295,11:06:15.681,71.386
warm,200,5,11:05:04.295,11:06:14.917,70.621
warm,200,6,11:05:04.296,11:06:14.710,70.415
warm,200,7,11:05:04.296,11:06:15.252,70.956
warm,200,8,11:05:04.296,11:06:15.546,71.250
warm,200,9,11:05:04.297,11:06:15.712,71.416
warm,200,10,11:05:04.297,11:06:14.388,70.091
warm,200,11,11:05:04.297,11:06:14.400,70.103
warm,200,12,11:05:04.297,11:06:15.522,71.225
warm,200,13,11:05:04.298,11:06:15.590,71.292
warm,200,14,11:05:04.298,11:06:15.291,70.992
warm,200,15,11:05:04.299,11:06:14.735,70.437
warm,200,16,11:05:04.299,11:06:16.045,71.746
warm,200,17,11:05:04.300,11:06:15.563,71.263
warm,200,18,11:05:04.300,11:06:15.791,71.491
warm,200,19,11:05:04.300,11:06:14.006,69.706
warm,200,20,11:05:04.300,11:06:14.899,70.599
warm,200,21,11:05:04.301,11:06:17.321,73.020
warm,200,22,11:05:04.301,11:06:15.195,70.894
warm,200,23,11:05:04.301,11:06:13.745,69.444
warm,200,24,11:05:04.302,11:06:15.805,71.503
warm,200,25,11:05:04.302,11:06:17.348,73.046
warm,200,26,11:05:04.302,11:06:15.410,71.108
warm,200,27,11:05:04.303,11:06:15.996,71.694
warm,200,28,11:05:04.303,11:06:12.388,68.085
warm,200,29,11:05:04.303,11:06:15.638,71.334
warm,200,30,11:05:04.304,11:06:17.302,72.999
warm,200,31,11:05:04.304,11:06:13.921,69.617
warm,200,32,11:05:04.304,11:06:14.809,70.505
warm,200,33,11:05:04.304,11:06:15.189,70.885
warm,200,34,11:05:04.305,11:06:07.411,63.106
warm,200,35,11:05:04.305,11:06:14.148,69.843
warm,200,36,11:05:04.305,11:06:15.624,71.318
warm,200,37,11:05:04.306,11:06:14.986,70.680
warm,200,38,11:05:04.306,11:06:15.802,71.496
warm,200,39,11:05:04.306,11:06:14.480,70.174
warm,200,40,11:05:04.307,11:06:15.805,71.498
warm,200,41,11:05:04.307,11:06:14.958,70.651
warm,200,42,11:05:04.307,11:06:15.130,70.823
warm,200,43,11:05:04.307,11:06:14.517,70.210
warm,200,44,11:05:04.308,11:06:12.129,67.822
warm,200,45,11:05:04.308,11:06:14.311,70.003
warm,200,46,11:05:04.308,11:06:15.998,71.689
warm,200,47,11:05:04.309,11:06:12.719,68.410
warm,200,48,11:05:04.309,11:06:14.862,70.553
warm,200,49,11:05:04.309,11:06:15.932,71.623
warm,200,50,11:05:04.310,11:06:15.384,71.074
warm,200,51,11:05:04.310,11:06:15.536,71.226
warm,200,52,11:05:04.310,11:06:15.612,71.302
warm,200,53,11:05:04.311,11:06:15.587,71.277
warm,200,54,11:05:04.311,11:06:12.544,68.233
warm,200,55,11:05:04.311,11:06:15.471,71.160
warm,200,56,11:05:04.312,11:06:08.263,63.951
warm,200,57,11:05:04.312,11:06:14.540,70.229
warm,200,58,11:05:04.312,11:06:15.413,71.101
warm,200,59,11:05:04.312,11:06:15.868,71.555
warm,200,60,11:05:04.313,11:06:13.974,69.661
warm,200,61,11:05:04.313,11:06:15.359,71.046
warm,200,62,11:05:04.313,11:06:12.893,68.579
warm,200,63,11:05:04.314,11:06:15.200,70.886
warm,200,64,11:05:04.314,11:06:15.932,71.618
warm,200,65,11:05:04.314,11:06:14.643,70.329
warm,200,66,11:05:04.315,11:06:17.354,73.039
warm,200,67,11:05:04.315,11:06:15.407,71.092
warm,200,68,11:05:04.315,11:06:15.709,71.394
warm,200,69,11:05:04.316,11:06:15.038,70.723
warm,200,70,11:05:04.316,11:06:15.582,71.266
warm,200,71,11:05:04.318,11:06:15.819,71.501
warm,200,72,11:05:04.318,11:06:15.407,71.089
warm,200,73,11:05:04.318,11:06:14.450,70.132
warm,200,74,11:05:04.319,11:06:12.116,67.797
warm,200,75,11:05:04.319,11:06:14.778,70.459
warm,200,76,11:05:04.319,11:06:14.644,70.325
warm,200,77,11:05:04.319,11:06:15.413,71.094
warm,200,78,11:05:04.320,11:06:14.215,69.895
warm,200,79,11:05:04.320,11:06:09.126,64.806
warm,200,80,11:05:04.320,11:06:15.850,71.529
warm,200,81,11:05:04.321,11:06:15.859,71.538
warm,200,82,11:05:04.321,11:06:14.904,70.583
warm,200,83,11:05:04.321,11:06:14.406,70.085
warm,200,84,11:05:04.322,11:06:15.154,70.833
warm,200,85,11:05:04.322,11:06:15.320,70.998
warm,200,86,11:05:04.322,11:06:14.063,69.741
warm,200,87,11:05:04.323,11:06:15.025,70.702
warm,200,88,11:05:04.323,11:06:17.353,73.030
warm,200,89,11:05:04.323,11:06:15.901,71.578
warm,200,90,11:05:04.323,11:06:15.566,71.242
warm,200,91,11:05:04.324,11:06:17.380,73.056
warm,200,92,11:05:04.324,11:06:14.323,69.999
warm,200,93,11:05:04.324,11:06:15.876,71.552
warm,200,94,11:05:04.325,11:06:15.480,71.156
warm,200,95,11:05:04.325,11:06:15.797,71.472
warm,200,96,11:05:04.325,11:06:13.859,69.534
warm,200,97,11:05:04.326,11:06:11.583,67.257
warm,200,98,11:05:04.326,11:06:15.725,71.399
warm,200,99,11:05:04.326,11:06:15.691,71.365
warm,200,100,11:05:04.326,11:06:16.276,71.949
warm,200,101,11:05:04.327,11:06:12.871,68.545
warm,200,102,11:05:04.327,11:06:15.941,71.614
warm,200,103,11:05:04.327,11:06:15.640,71.312
warm,200,104,11:05:04.328,11:06:14.704,70.376
warm,200,105,11:05:04.328,11:06:15.970,71.642
warm,200,106,11:05:04.328,11:06:12.481,68.153
warm,200,107,11:05:04.329,11:06:15.557,71.229
warm,200,108,11:05:04.329,11:06:14.557,70.228
warm,200,109,11:05:04.329,11:06:15.043,70.714
warm,200,110,11:05:04.329,11:06:17.052,72.723
warm,200,111,11:05:04.330,11:06:15.528,71.198
warm,200,112,11:05:04.330,11:06:17.087,72.757
warm,200,113,11:05:04.330,11:06:14.400,70.070
warm,200,114,11:05:04.330,11:06:15.842,71.512
warm,200,115,11:05:04.331,11:06:15.983,71.652
warm,200,116,11:05:04.331,11:06:15.227,70.896
warm,200,117,11:05:04.331,11:06:13.745,69.414
warm,200,118,11:05:04.331,11:06:15.441,71.109
warm,200,119,11:05:04.331,11:06:13.499,69.167
warm,200,120,11:05:04.332,11:06:14.549,70.217
warm,200,121,11:05:04.332,11:06:15.252,70.920
warm,200,122,11:05:04.332,11:06:17.058,72.726
warm,200,123,11:05:04.332,11:06:15.462,71.130
warm,200,124,11:05:04.333,11:06:12.814,68.482
warm,200,125,11:05:04.333,11:06:13.947,69.614
warm,200,126,11:05:04.333,11:06:15.772,71.439
warm,200,127,11:05:04.333,11:06:16.079,71.745
warm,200,128,11:05:04.334,11:06:16.131,71.798
warm,200,129,11:05:04.334,11:06:17.243,72.909
warm,200,130,11:05:04.334,11:06:14.335,70.001
warm,200,131,11:05:04.334,11:06:14.650,70.315
warm,200,132,11:05:04.334,11:06:17.330,72.996
warm,200,133,11:05:04.335,11:06:15.407,71.072
warm,200,134,11:05:04.335,11:06:14.105,69.770
warm,200,135,11:05:04.335,11:06:15.957,71.622
warm,200,136,11:05:04.335,11:06:14.693,70.357
warm,200,137,11:05:04.336,11:06:15.332,70.996
warm,200,138,11:05:04.336,11:06:15.069,70.733
warm,200,139,11:05:04.336,11:06:15.012,70.676
warm,200,140,11:05:04.336,11:06:14.302,69.965
warm,200,141,11:05:04.337,11:06:14.822,70.485
warm,200,142,11:05:04.337,11:06:13.670,69.333
warm,200,143,11:05:04.337,11:06:14.249,69.911
warm,200,144,11:05:04.337,11:06:14.692,70.355
warm,200,145,11:05:04.338,11:06:14.388,70.051
warm,200,146,11:05:04.338,11:06:17.142,72.804
warm,200,147,11:05:04.338,11:06:06.922,62.584
warm,200,148,11:05:04.338,11:06:12.232,67.894
warm,200,149,11:05:04.339,11:06:17.367,73.028
warm,200,150,11:05:04.339,11:06:15.438,71.099
warm,200,151,11:05:04.339,11:06:15.546,71.207
warm,200,152,11:05:04.340,11:06:17.295,72.956
warm,200,153,11:05:04.340,11:06:12.900,68.560
warm,200,154,11:05:04.340,11:06:14.791,70.451
warm,200,155,11:05:04.340,11:06:13.537,69.197
warm,200,156,11:05:04.340,11:06:14.339,69.999
warm,200,157,11:05:04.341,11:06:15.101,70.760
warm,200,158,11:05:04.341,11:06:15.600,71.260
warm,200,159,11:05:04.341,11:06:15.772,71.431
warm,200,160,11:05:04.341,11:06:16.534,72.193
warm,200,161,11:05:04.342,11:06:13.947,69.605
warm,200,162,11:05:04.342,11:06:15.932,71.590
warm,200,163,11:05:04.342,11:06:15.381,71.039
warm,200,164,11:05:04.342,11:06:15.621,71.279
warm,200,165,11:05:04.343,11:06:16.276,71.933
warm,200,166,11:05:04.344,11:06:15.471,71.127
warm,200,167,11:05:04.344,11:06:15.924,71.580
warm,200,168,11:05:04.344,11:06:15.998,71.654
warm,200,169,11:05:04.344,11:06:15.983,71.639
warm,200,170,11:05:04.344,11:06:14.266,69.922
warm,200,171,11:05:04.344,11:06:15.582,71.237
warm,200,172,11:05:04.344,11:06:14.933,70.588
warm,200,173,11:05:04.345,11:06:15.120,70.775
warm,200,174,11:05:04.345,11:06:15.549,71.204
warm,200,175,11:05:04.345,11:06:16.975,72.630
warm,200,176,11:05:04.345,11:06:15.307,70.962
warm,200,177,11:05:04.345,11:06:13.322,68.977
warm,200,178,11:05:04.345,11:06:12.447,68.101
warm,200,179,11:05:04.345,11:06:15.936,71.590
warm,200,180,11:05:04.346,11:06:09.478,65.132
warm,200,181,11:05:04.346,11:06:15.571,71.225
warm,200,182,11:05:04.346,11:06:14.778,70.432
warm,200,183,11:05:04.346,11:06:15.287,70.941
warm,200,184,11:05:04.346,11:06:15.582,71.235
warm,200,185,11:05:04.346,11:06:13.812,69.465
warm,200,186,11:05:04.347,11:06:17.238,72.891
warm,200,187,11:05:04.347,11:06:13.116,68.770
warm,200,188,11:05:04.347,11:06:15.897,71.550
warm,200,189,11:05:04.347,11:06:08.629,64.282
warm,200,190,11:05:04.347,11:06:15.757,71.410
warm,200,191,11:05:04.347,11:06:15.614,71.267
warm,200,192,11:05:04.347,11:06:16.059,71.712
warm,200,193,11:05:04.348,11:06:14.778,70.430
warm,200,194,11:05:04.348,11:06:15.868,71.520
warm,200,195,11:05:04.348,11:06:14.925,70.577
warm,200,196,11:05:04.348,11:06:16.169,71.821
warm,200,197,11:05:04.348,11:06:17.037,72.689
warm,200,198,11:05:04.348,11:06:16.158,71.809
warm,200,199,11:05:04.348,11:06:15.796,71.448
